INSERT INTO Author (AuthorId, AuthorFirstName, AuthorLastName, AuthorNationality) 
VALUES  
(1,'Sofia','Smith','Canada'),
(2,'Maria','Brown','Brezil'),
(3,'Elena','Martin','Mexico'),
(4,'Zoe','Roy','France'),
(5,'Sebastian','Lavoie','Canada'),
(6,'Dylan','Garcia','Spain'),
(7,'Ian','Cruz','Mexico'),
(8,'Lucas','Smith','USA'),
(9,'Fabian','Wilson','USA'),
(10,'Liam','Taylor','Canada'),
(11,'William','Thomas','Great Britain'),
(12,'Logan','Moore','Canada'),
(13,'Oliver','Martin','France'),
(14,'Alysha','Thompson','Canada'),
(15,'Isabelle','Lee','Canada'),
(16,'Emily','Clark','USA'),
(17,'John','Young','China'),
(18,'David','Wright','Canada'),
(19,'Thomas','Scott','Canada'),
(20,'Helena','Adams','Canada'),
(21,'Sofia','Carter','USA'),
(22,'Liam','Parker','Canada'),
(23,'Emily','Murphy','USA');

INSERT INTO Book (BookId, BookTitle, BookAuthor, Genre)
VALUES
(1,'Build your database system',1,'Science'),
(2,'The red wall',2,'Fiction'),
(3,'The perfect match',3,'Fiction'),
(4,'Digital Logic',4,'Science'),
(5,'How to be a great lawyer',5,'Law'),
(6,'Manage successful negotiations',6,'Society'),
(7,'Pollution today',7,'Science'),
(8,'A gray park',2,'Fiction'),
(9,'How to be rich in one year',8,'Humor'),
(10,'Their bright fate',9,'Fiction'),
(11,'Black lines',10,'Fiction'),
(12,'History of theater',11,'Literature'),
(13,'Electrical transformers',12,'Science'),
(14,'Build your big data system',1,'Science'),
(15,'Right and left',13,'Children'),
(16,'Programming using Python',1,'Science'),
(17,'Computer networks',14,'Science'),
(18,'Performance evaluation',15,'Science'),
(19,'Daily exercise',16,'Well being'),
(20,'The silver uniform',17,'Fiction'),
(21,'Industrial revolution',18,'History'),
(22,'Green nature',19,'Well being'),
(23,'Perfect football',20,'Well being'),
(24,'The chocolate love',21,'Humor'),
(25,'Director and leader',22,'Society'),
(26,'Play football every week',20,'well being'),
(27,'Maya the bee',13,'Children'),
(28,'Perfect rugby',20,'Well being'),
(29,'The end',23,'Fiction'),
(30,'Computer security',1,'Science'),
(31,'Participate',22,'Society'),
(32,'Positive figures',3,'Fiction');

INSERT INTO Client (ClientId, ClientFirstName, ClientLastName, ClientDoB, Occupation)
VALUES
(1,'Kaiden','Hill',2006,'Student'),
(2,'Alina','Morton',2010,'Student'),
(3,'Fania','Brooks',1983,'Food Scientist'),
(4,'Courtney','Jensen',2006,'Student'),
(5,'Brittany','Hill',1983,'Firefighter'),
(6,'Max','Rogers',2005,'Student'),
(7,'Margaret','McCarthy',1981,'School Psychologist'),
(8,'Julie','McCarthy',1973,'Professor'),
(9,'Ken','McCarthy',1974,'Securities Clerk'),
(10,'Britany','OQuinn',1984,'Violinist'),
(11,'Conner','Gardner',1998,'Licensed Massage Therapist'),
(12,'Mya','Austin',1960,'Parquet Floor Layer'),
(13,'Thierry','Rogers',2004,'Student'),
(14,'Eloise','Rogers',1984,'Computer Security Manager'),
(15,'Gerard','Jackson',1979,'Oil Exploration Engineer'),
(16,'Randy','Day',1986,'Aircraft Electrician'),
(17,'Jodie','Page',1990,'Manufacturing Director'),
(18,'Coral','Rice',1996,'Window Washer'),
(19,'Ayman','Austin',2002,'Student'),
(20,'Jaxson','Austin',1999,'Repair Worker'),
(21,'Joel','Austin',1973,'Police Officer'),
(22,'Alina','Austin',2010,'Student'),
(23,'Elin','Austin',1962,'Payroll Clerk'),
(24,'Ophelia','Wolf',2004,'Student'),
(25,'Eliot','McGuire',1967,'Dentist'),
(26,'Peter','McKinney',1968,'Professor'),
(27,'Annabella','Henry',1974,'Nurse'),
(28,'Anastasia','Baker',2001,'Student'),
(29,'Tyler','Baker',1984,'Police Officer'),
(30,'Lilian','Ross',1983,'Insurance Agent'),
(31,'Thierry','Arnold',1975,'Bus Driver'),
(32,'Angelina','Rowe',1979,'Firefighter'),
(33,'Marcia','Rowe',1974,'Health Educator'),
(34,'Martin','Rowe',1976,'Ship Engineer'),
(35,'Adeline','Rowe',2005,'Student'),
(36,'Colette','Rowe',1963,'Professor'),
(37,'Diane','Clark',1975,'Payroll Clerk'),
(38,'Caroline','Clark',1960,'Dentist'),
(39,'Dalton','Clayton',1982,'Police Officer'),
(40,'Steve','Clayton',1990,'Bus Driver'),
(41,'Melanie','Clayton',1987,'Computer Engineer'),
(42,'Alana','Wilson',2007,'Student'),
(43,'Carson','Byrne',1995,'Food Scientist'),
(44,'Conrad','Byrne',2007,'Student'),
(45,'Ryan','Porter',2008,'Student'),
(46,'Elin','Porter',1978,'Computer Programmer'),
(47,'Tyler','Harvey',2007,'Student'),
(48,'Arya','Harvey',2008,'Student'),
(49,'Serena','Harvey',1978,'School Teacher'),
(50,'Lilly','Franklin',1976,'Doctor'),
(51,'Mai','Franklin',1994,'Dentist'),
(52,'John','Franklin',1999,'Firefighter'),
(53,'Judy','Franklin',1995,'Firefighter'),
(54,'Katy','Lloyd',1992,'School Teacher'),
(55,'Tamara','Allen',1963,'Ship Engineer'),
(56,'Maxim','Lyons',1985,'Police Officer'),
(57,'Allan','Lyons',1983,'Computer Engineer'),
(58,'Marc','Harris',1980,'School Teacher'),
(59,'Elin','Young',2009,'Student'),
(60,'Diana','Young',2008,'Student'),
(61,'Diane','Young',2006,'Student'),
(62,'Alana','Bird',2003,'Student'),
(63,'Anna','Becker',1979,'Security Agent'),
(64,'Katie','Grant',1977,'Manager'),
(65,'Joan','Grant',2010,'Student'),
(66,'Bryan','Bell',2001,'Student'),
(67,'Belle','Miller',1970,'Professor'),
(68,'Peggy','Stevens',1990,'Bus Driver'),
(69,'Steve','Williamson',1975,'HR Clerk'),
(70,'Tyler','Williamson',1999,'Doctor'),
(71,'Izabelle','Williamson',1990,'Systems Analyst'),
(72,'Annabel','Williamson',1960,'Cashier'),
(73,'Mohamed','Waters',1966,'Insurance Agent'),
(74,'Marion','Newman',1970,'Computer Programmer'),
(75,'Ada','Williams',1986,'Computer Programmer'),
(76,'Sean','Scott',1983,'Bus Driver'),
(77,'Farrah','Scott',1974,'Ship Engineer'),
(78,'Christine','Lambert',1973,'School Teacher'),
(79,'Alysha','Lambert',2007,'Student'),
(80,'Maia','Grant',1984,'School Teacher');

INSERT INTO Borrower (BorrowId, ClientId, BookId, BorrowDate)
VALUES
(1,35,17,STR_TO_DATE('20-07-2016', '%d-%m-%Y')),
(2,1,3,STR_TO_DATE('19-04-2017', '%d-%m-%Y')),
(3,42,8,STR_TO_DATE('03-10-2016', '%d-%m-%Y')),
(4,62,16,STR_TO_DATE('05-04-2016', '%d-%m-%Y')),
(5,53,13,STR_TO_DATE('17-01-2017', '%d-%m-%Y')),
(6,33,15,STR_TO_DATE('26-11-2015', '%d-%m-%Y')),
(7,40,14,STR_TO_DATE('21-01-2015', '%d-%m-%Y')),
(8,64,2,STR_TO_DATE('10-09-2017', '%d-%m-%Y')),
(9,56,30,STR_TO_DATE('02-08-2017', '%d-%m-%Y')),
(10,23,2,STR_TO_DATE('28-06-2018', '%d-%m-%Y')),
(11,46,19,STR_TO_DATE('18-11-2015', '%d-%m-%Y')),
(12,61,20,STR_TO_DATE('24-11-2015', '%d-%m-%Y')),
(13,58,7,STR_TO_DATE('17-06-2017', '%d-%m-%Y')),
(14,46,16,STR_TO_DATE('12-02-2017', '%d-%m-%Y')),
(15,80,21,STR_TO_DATE('18-03-2018', '%d-%m-%Y')),
(16,51,23,STR_TO_DATE('01-09-2015', '%d-%m-%Y')),
(17,49,18,STR_TO_DATE('28-07-2015', '%d-%m-%Y')),
(18,43,18,STR_TO_DATE('04-11-2015', '%d-%m-%Y')),
(19,30,2,STR_TO_DATE('10-08-2018', '%d-%m-%Y')),
(20,48,24,STR_TO_DATE('13-05-2015', '%d-%m-%Y')),
(21,71,5,STR_TO_DATE('05-09-2016', '%d-%m-%Y')),
(22,35,3,STR_TO_DATE('03-07-2016', '%d-%m-%Y')),
(23,57,1,STR_TO_DATE('17-03-2015', '%d-%m-%Y')),
(24,23,25,STR_TO_DATE('16-08-2017', '%d-%m-%Y')),
(25,20,12,STR_TO_DATE('24-07-2018', '%d-%m-%Y')),
(26,25,7,STR_TO_DATE('31-01-2015', '%d-%m-%Y')),
(27,72,29,STR_TO_DATE('10-04-2016', '%d-%m-%Y')),
(28,74,20,STR_TO_DATE('31-07-2017', '%d-%m-%Y')),
(29,53,14,STR_TO_DATE('20-02-2016', '%d-%m-%Y')),
(30,32,10,STR_TO_DATE('24-07-2017', '%d-%m-%Y')),
(31,12,15,STR_TO_DATE('25-04-2018', '%d-%m-%Y')),
(32,77,13,STR_TO_DATE('09-06-2017', '%d-%m-%Y')),
(33,30,4,STR_TO_DATE('24-10-2017', '%d-%m-%Y')),
(34,37,24,STR_TO_DATE('14-01-2016', '%d-%m-%Y')),
(35,27,26,STR_TO_DATE('05-06-2017', '%d-%m-%Y')),
(36,1,16,STR_TO_DATE('06-05-2018', '%d-%m-%Y')),
(37,21,9,STR_TO_DATE('19-03-2016', '%d-%m-%Y')),
(38,69,28,STR_TO_DATE('29-03-2017', '%d-%m-%Y')),
(39,17,19,STR_TO_DATE('14-03-2017', '%d-%m-%Y')),
(40,8,9,STR_TO_DATE('22-04-2016', '%d-%m-%Y')),
(41,63,18,STR_TO_DATE('25-01-2015', '%d-%m-%Y')),
(42,65,20,STR_TO_DATE('10-10-2016', '%d-%m-%Y')),
(43,51,19,STR_TO_DATE('28-07-2015', '%d-%m-%Y')),
(44,23,12,STR_TO_DATE('25-01-2017', '%d-%m-%Y')),
(45,17,4,STR_TO_DATE('18-04-2017', '%d-%m-%Y')),
(46,68,5,STR_TO_DATE('06-09-2016', '%d-%m-%Y')),
(47,46,13,STR_TO_DATE('30-09-2017', '%d-%m-%Y')),
(48,15,13,STR_TO_DATE('05-07-2017', '%d-%m-%Y')),
(49,11,19,STR_TO_DATE('14-12-2017', '%d-%m-%Y')),
(50,78,15,STR_TO_DATE('26-01-2017', '%d-%m-%Y')),
(51,47,9,STR_TO_DATE('03-03-2015', '%d-%m-%Y')),
(52,68,7,STR_TO_DATE('26-05-2016', '%d-%m-%Y')),
(53,37,26,STR_TO_DATE('06-02-2017', '%d-%m-%Y')),
(54,48,27,STR_TO_DATE('30-12-2015', '%d-%m-%Y')),
(55,9,21,STR_TO_DATE('21-10-2017', '%d-%m-%Y')),
(56,29,8,STR_TO_DATE('01-04-2018', '%d-%m-%Y')),
(57,64,18,STR_TO_DATE('29-08-2017', '%d-%m-%Y')),
(58,61,26,STR_TO_DATE('21-02-2018', '%d-%m-%Y')),
(59,39,28,STR_TO_DATE('26-07-2016', '%d-%m-%Y')),
(60,73,18,STR_TO_DATE('22-08-2018', '%d-%m-%Y')),
(61,11,13,STR_TO_DATE('17-01-2018', '%d-%m-%Y')),
(62,45,6,STR_TO_DATE('20-07-2016', '%d-%m-%Y')),
(63,33,13,STR_TO_DATE('18-03-2018', '%d-%m-%Y')),
(64,10,17,STR_TO_DATE('06-06-2016', '%d-%m-%Y')),
(65,28,18,STR_TO_DATE('17-02-2017', '%d-%m-%Y')),
(66,51,3,STR_TO_DATE('09-12-2016', '%d-%m-%Y')),
(67,29,2,STR_TO_DATE('18-09-2015', '%d-%m-%Y')),
(68,28,30,STR_TO_DATE('14-09-2017', '%d-%m-%Y')),
(69,74,20,STR_TO_DATE('12-12-2015', '%d-%m-%Y')),
(70,15,22,STR_TO_DATE('14-01-2015', '%d-%m-%Y')),
(71,57,8,STR_TO_DATE('20-08-2017', '%d-%m-%Y')),
(72,2,5,STR_TO_DATE('18-01-2015', '%d-%m-%Y')),
(73,74,12,STR_TO_DATE('14-04-2018', '%d-%m-%Y')),
(74,51,10,STR_TO_DATE('25-02-2016', '%d-%m-%Y')),
(75,25,17,STR_TO_DATE('24-02-2015', '%d-%m-%Y')),
(76,45,21,STR_TO_DATE('10-02-2017', '%d-%m-%Y')),
(77,27,25,STR_TO_DATE('03-08-2016', '%d-%m-%Y')),
(78,32,28,STR_TO_DATE('15-06-2016', '%d-%m-%Y')),
(79,71,21,STR_TO_DATE('21-05-2017', '%d-%m-%Y')),
(80,75,26,STR_TO_DATE('03-05-2016', '%d-%m-%Y')),
(81,56,32,STR_TO_DATE('23-12-2015', '%d-%m-%Y')),
(82,26,32,STR_TO_DATE('16-05-2015', '%d-%m-%Y')),
(83,66,32,STR_TO_DATE('30-05-2015', '%d-%m-%Y')),
(84,57,18,STR_TO_DATE('15-09-2017', '%d-%m-%Y')),
(85,40,15,STR_TO_DATE('02-09-2016', '%d-%m-%Y')),
(86,65,4,STR_TO_DATE('17-08-2017', '%d-%m-%Y')),
(87,54,7,STR_TO_DATE('19-12-2015', '%d-%m-%Y')),
(88,29,4,STR_TO_DATE('22-07-2017', '%d-%m-%Y')),
(89,44,9,STR_TO_DATE('31-12-2017', '%d-%m-%Y')),
(90,56,31,STR_TO_DATE('13-06-2015', '%d-%m-%Y')),
(91,17,4,STR_TO_DATE('01-04-2015', '%d-%m-%Y')),
(92,35,16,STR_TO_DATE('19-07-2018', '%d-%m-%Y')),
(93,22,18,STR_TO_DATE('22-06-2017', '%d-%m-%Y')),
(94,39,24,STR_TO_DATE('29-05-2015', '%d-%m-%Y')),
(95,63,14,STR_TO_DATE('20-01-2018', '%d-%m-%Y')),
(96,53,21,STR_TO_DATE('31-07-2016', '%d-%m-%Y')),
(97,40,9,STR_TO_DATE('10-07-2016', '%d-%m-%Y')),
(98,52,4,STR_TO_DATE('05-04-2017', '%d-%m-%Y')),
(99,27,20,STR_TO_DATE('04-09-2016', '%d-%m-%Y')),
(100,72,29,STR_TO_DATE('06-12-2015', '%d-%m-%Y')),
(101,49,16,STR_TO_DATE('19-12-2017', '%d-%m-%Y')),
(102,6,12,STR_TO_DATE('04-12-2016', '%d-%m-%Y')),
(103,74,31,STR_TO_DATE('27-07-2016', '%d-%m-%Y')),
(104,48,32,STR_TO_DATE('29-06-2016', '%d-%m-%Y')),
(105,69,2,STR_TO_DATE('27-12-2016', '%d-%m-%Y')),
(106,60,32,STR_TO_DATE('29-10-2017', '%d-%m-%Y')),
(107,45,22,STR_TO_DATE('12-06-2017', '%d-%m-%Y')),
(108,42,15,STR_TO_DATE('14-05-2017', '%d-%m-%Y')),
(109,79,8,STR_TO_DATE('13-10-2016', '%d-%m-%Y')),
(110,70,18,STR_TO_DATE('04-12-2016', '%d-%m-%Y')),
(111,34,8,STR_TO_DATE('06-03-2016', '%d-%m-%Y')),
(112,43,8,STR_TO_DATE('19-12-2015', '%d-%m-%Y')),
(113,42,32,STR_TO_DATE('20-04-2016', '%d-%m-%Y')),
(114,67,5,STR_TO_DATE('06-03-2017', '%d-%m-%Y')),
(115,80,25,STR_TO_DATE('23-06-2015', '%d-%m-%Y')),
(116,54,11,STR_TO_DATE('03-05-2017', '%d-%m-%Y')),
(117,34,28,STR_TO_DATE('30-08-2017', '%d-%m-%Y')),
(118,65,20,STR_TO_DATE('26-08-2017', '%d-%m-%Y')),
(119,61,19,STR_TO_DATE('05-01-2018', '%d-%m-%Y')),
(120,38,12,STR_TO_DATE('17-01-2018', '%d-%m-%Y')),
(121,51,4,STR_TO_DATE('13-05-2016', '%d-%m-%Y')),
(122,7,16,STR_TO_DATE('17-03-2016', '%d-%m-%Y')),
(123,46,16,STR_TO_DATE('25-11-2016', '%d-%m-%Y')),
(124,75,30,STR_TO_DATE('12-08-2018', '%d-%m-%Y')),
(125,72,32,STR_TO_DATE('12-03-2015', '%d-%m-%Y')),
(126,44,17,STR_TO_DATE('15-06-2015', '%d-%m-%Y')),
(127,68,15,STR_TO_DATE('21-02-2016', '%d-%m-%Y')),
(128,21,1,STR_TO_DATE('19-06-2016', '%d-%m-%Y')),
(129,14,25,STR_TO_DATE('10-10-2016', '%d-%m-%Y')),
(130,68,21,STR_TO_DATE('27-05-2016', '%d-%m-%Y')),
(131,35,20,STR_TO_DATE('19-03-2015', '%d-%m-%Y')),
(132,16,27,STR_TO_DATE('08-08-2016', '%d-%m-%Y')),
(133,79,31,STR_TO_DATE('07-03-2018', '%d-%m-%Y')),
(134,14,17,STR_TO_DATE('28-04-2018', '%d-%m-%Y')),
(135,29,28,STR_TO_DATE('11-03-2018', '%d-%m-%Y')),
(136,41,4,STR_TO_DATE('08-08-2018', '%d-%m-%Y')),
(137,42,3,STR_TO_DATE('23-02-2016', '%d-%m-%Y')),
(138,45,3,STR_TO_DATE('10-07-2017', '%d-%m-%Y')),
(139,36,16,STR_TO_DATE('19-07-2018', '%d-%m-%Y')),
(140,36,30,STR_TO_DATE('07-08-2015', '%d-%m-%Y')),
(141,54,32,STR_TO_DATE('14-03-2018', '%d-%m-%Y')),
(142,61,15,STR_TO_DATE('28-03-2017', '%d-%m-%Y')),
(143,1,13,STR_TO_DATE('17-05-2018', '%d-%m-%Y')),
(144,43,1,STR_TO_DATE('14-05-2015', '%d-%m-%Y')),
(145,37,14,STR_TO_DATE('30-07-2015', '%d-%m-%Y')),
(146,62,17,STR_TO_DATE('19-09-2015', '%d-%m-%Y')),
(147,50,22,STR_TO_DATE('02-12-2016', '%d-%m-%Y')),
(148,45,1,STR_TO_DATE('24-07-2016', '%d-%m-%Y')),
(149,32,17,STR_TO_DATE('10-03-2018', '%d-%m-%Y')),
(150,13,28,STR_TO_DATE('14-02-2016', '%d-%m-%Y')),
(151,15,9,STR_TO_DATE('11-08-2018', '%d-%m-%Y')),
(152,10,19,STR_TO_DATE('29-08-2018', '%d-%m-%Y')),
(153,66,3,STR_TO_DATE('27-11-2016', '%d-%m-%Y')),
(154,68,29,STR_TO_DATE('12-07-2017', '%d-%m-%Y')),
(155,21,14,STR_TO_DATE('27-06-2018', '%d-%m-%Y')),
(156,35,9,STR_TO_DATE('22-01-2016', '%d-%m-%Y')),
(157,17,24,STR_TO_DATE('25-08-2016', '%d-%m-%Y')),
(158,40,21,STR_TO_DATE('09-07-2015', '%d-%m-%Y')),
(159,1,24,STR_TO_DATE('28-03-2016', '%d-%m-%Y')),
(160,70,27,STR_TO_DATE('10-07-2015', '%d-%m-%Y')),
(161,80,26,STR_TO_DATE('24-04-2016', '%d-%m-%Y')),
(162,29,5,STR_TO_DATE('18-10-2015', '%d-%m-%Y')),
(163,76,12,STR_TO_DATE('25-04-2018', '%d-%m-%Y')),
(164,22,4,STR_TO_DATE('24-12-2016', '%d-%m-%Y')),
(165,2,2,STR_TO_DATE('26-10-2017', '%d-%m-%Y')),
(166,35,13,STR_TO_DATE('28-02-2016', '%d-%m-%Y')),
(167,40,8,STR_TO_DATE('02-10-2017', '%d-%m-%Y')),
(168,68,9,STR_TO_DATE('03-01-2016', '%d-%m-%Y')),
(169,32,5,STR_TO_DATE('13-11-2016', '%d-%m-%Y')),
(170,34,17,STR_TO_DATE('15-09-2016', '%d-%m-%Y')),
(171,34,16,STR_TO_DATE('13-04-2018', '%d-%m-%Y')),
(172,80,30,STR_TO_DATE('13-10-2016', '%d-%m-%Y')),
(173,20,32,STR_TO_DATE('17-11-2015', '%d-%m-%Y')),
(174,36,10,STR_TO_DATE('01-09-2017', '%d-%m-%Y')),
(175,78,12,STR_TO_DATE('27-06-2018', '%d-%m-%Y')),
(176,57,8,STR_TO_DATE('22-03-2016', '%d-%m-%Y')),
(177,75,11,STR_TO_DATE('27-06-2017', '%d-%m-%Y')),
(178,71,10,STR_TO_DATE('01-08-2015', '%d-%m-%Y')),
(179,48,22,STR_TO_DATE('29-09-2015', '%d-%m-%Y')),
(180,19,16,STR_TO_DATE('21-02-2016', '%d-%m-%Y')),
(181,79,30,STR_TO_DATE('20-08-2018', '%d-%m-%Y')),
(182,70,13,STR_TO_DATE('16-09-2016', '%d-%m-%Y')),
(183,30,6,STR_TO_DATE('10-02-2017', '%d-%m-%Y')),
(184,45,12,STR_TO_DATE('12-10-2017', '%d-%m-%Y')),
(185,30,27,STR_TO_DATE('23-11-2016', '%d-%m-%Y')),
(186,26,3,STR_TO_DATE('13-08-2016', '%d-%m-%Y')),
(187,66,6,STR_TO_DATE('14-01-2017', '%d-%m-%Y')),
(188,47,15,STR_TO_DATE('10-02-2016', '%d-%m-%Y')),
(189,53,30,STR_TO_DATE('08-08-2018', '%d-%m-%Y')),
(190,80,16,STR_TO_DATE('31-03-2016', '%d-%m-%Y')),
(191,70,13,STR_TO_DATE('03-02-2018', '%d-%m-%Y')),
(192,14,25,STR_TO_DATE('27-03-2016', '%d-%m-%Y')),
(193,46,22,STR_TO_DATE('13-01-2016', '%d-%m-%Y')),
(194,30,32,STR_TO_DATE('06-08-2015', '%d-%m-%Y')),
(195,60,14,STR_TO_DATE('27-11-2016', '%d-%m-%Y')),
(196,14,13,STR_TO_DATE('23-05-2018', '%d-%m-%Y')),
(197,71,15,STR_TO_DATE('22-06-2016', '%d-%m-%Y')),
(198,38,21,STR_TO_DATE('27-12-2015', '%d-%m-%Y')),
(199,69,30,STR_TO_DATE('29-04-2017', '%d-%m-%Y')),
(200,49,31,STR_TO_DATE('03-06-2018', '%d-%m-%Y')),
(201,28,28,STR_TO_DATE('29-05-2015', '%d-%m-%Y')),
(202,49,3,STR_TO_DATE('30-08-2016', '%d-%m-%Y')),
(203,75,1,STR_TO_DATE('29-10-2015', '%d-%m-%Y')),
(204,78,3,STR_TO_DATE('12-05-2017', '%d-%m-%Y')),
(205,43,18,STR_TO_DATE('25-03-2015', '%d-%m-%Y')),
(206,27,21,STR_TO_DATE('22-02-2016', '%d-%m-%Y')),
(207,64,22,STR_TO_DATE('03-04-2015', '%d-%m-%Y')),
(208,21,11,STR_TO_DATE('09-12-2017', '%d-%m-%Y')),
(209,66,29,STR_TO_DATE('20-12-2016', '%d-%m-%Y')),
(210,45,13,STR_TO_DATE('15-04-2017', '%d-%m-%Y')),
(211,48,30,STR_TO_DATE('31-01-2015', '%d-%m-%Y')),
(212,20,25,STR_TO_DATE('20-12-2017', '%d-%m-%Y')),
(213,41,20,STR_TO_DATE('29-01-2018', '%d-%m-%Y')),
(214,51,12,STR_TO_DATE('05-07-2015', '%d-%m-%Y')),
(215,5,1,STR_TO_DATE('12-04-2015', '%d-%m-%Y')),
(216,40,3,STR_TO_DATE('24-02-2018', '%d-%m-%Y')),
(217,79,4,STR_TO_DATE('27-06-2018', '%d-%m-%Y')),
(218,15,10,STR_TO_DATE('01-11-2016', '%d-%m-%Y')),
(219,42,22,STR_TO_DATE('28-12-2016', '%d-%m-%Y')),
(220,17,9,STR_TO_DATE('29-01-2018', '%d-%m-%Y')),
(221,38,13,STR_TO_DATE('09-05-2016', '%d-%m-%Y')),
(222,79,2,STR_TO_DATE('06-12-2017', '%d-%m-%Y')),
(223,74,3,STR_TO_DATE('07-12-2015', '%d-%m-%Y')),
(224,46,8,STR_TO_DATE('05-06-2016', '%d-%m-%Y')),
(225,78,22,STR_TO_DATE('11-08-2018', '%d-%m-%Y')),
(226,45,2,STR_TO_DATE('20-04-2015', '%d-%m-%Y')),
(227,72,31,STR_TO_DATE('11-11-2015', '%d-%m-%Y')),
(228,18,17,STR_TO_DATE('21-03-2015', '%d-%m-%Y')),
(229,29,3,STR_TO_DATE('13-08-2017', '%d-%m-%Y')),
(230,66,11,STR_TO_DATE('05-06-2018', '%d-%m-%Y')),
(231,36,16,STR_TO_DATE('28-04-2016', '%d-%m-%Y')),
(232,26,2,STR_TO_DATE('23-10-2016', '%d-%m-%Y')),
(233,32,1,STR_TO_DATE('31-10-2017', '%d-%m-%Y')),
(234,62,14,STR_TO_DATE('25-07-2017', '%d-%m-%Y')),
(235,12,4,STR_TO_DATE('08-07-2015', '%d-%m-%Y')),
(236,38,32,STR_TO_DATE('24-02-2015', '%d-%m-%Y')),
(237,29,16,STR_TO_DATE('28-07-2016', '%d-%m-%Y')),
(238,36,25,STR_TO_DATE('07-05-2017', '%d-%m-%Y')),
(239,76,7,STR_TO_DATE('13-06-2015', '%d-%m-%Y')),
(240,28,16,STR_TO_DATE('15-08-2016', '%d-%m-%Y')),
(241,60,13,STR_TO_DATE('26-08-2016', '%d-%m-%Y')),
(242,8,3,STR_TO_DATE('28-07-2017', '%d-%m-%Y')),
(243,25,1,STR_TO_DATE('30-07-2016', '%d-%m-%Y')),
(244,62,29,STR_TO_DATE('24-08-2018', '%d-%m-%Y')),
(245,51,8,STR_TO_DATE('01-09-2016', '%d-%m-%Y')),
(246,27,23,STR_TO_DATE('08-02-2015', '%d-%m-%Y')),
(247,69,12,STR_TO_DATE('25-06-2018', '%d-%m-%Y')),
(248,51,12,STR_TO_DATE('04-07-2015', '%d-%m-%Y')),
(249,7,4,STR_TO_DATE('01-05-2015', '%d-%m-%Y')),
(250,31,15,STR_TO_DATE('29-10-2017', '%d-%m-%Y')),
(251,14,23,STR_TO_DATE('15-01-2015', '%d-%m-%Y')),
(252,14,1,STR_TO_DATE('21-05-2018', '%d-%m-%Y')),
(253,39,25,STR_TO_DATE('26-12-2015', '%d-%m-%Y')),
(254,79,24,STR_TO_DATE('31-05-2016', '%d-%m-%Y')),
(255,40,15,STR_TO_DATE('18-03-2016', '%d-%m-%Y')),
(256,51,13,STR_TO_DATE('13-04-2018', '%d-%m-%Y')),
(257,61,1,STR_TO_DATE('11-02-2015', '%d-%m-%Y')),
(258,15,24,STR_TO_DATE('02-03-2018', '%d-%m-%Y')),
(259,10,22,STR_TO_DATE('21-01-2018', '%d-%m-%Y')),
(260,67,10,STR_TO_DATE('08-07-2017', '%d-%m-%Y')),
(261,79,11,STR_TO_DATE('11-12-2016', '%d-%m-%Y')),
(262,19,32,STR_TO_DATE('04-05-2016', '%d-%m-%Y')),
(263,35,11,STR_TO_DATE('01-08-2017', '%d-%m-%Y')),
(264,27,13,STR_TO_DATE('15-12-2017', '%d-%m-%Y')),
(265,30,22,STR_TO_DATE('22-12-2015', '%d-%m-%Y')),
(266,8,7,STR_TO_DATE('26-06-2015', '%d-%m-%Y')),
(267,70,9,STR_TO_DATE('20-03-2016', '%d-%m-%Y')),
(268,56,18,STR_TO_DATE('29-01-2016', '%d-%m-%Y')),
(269,13,19,STR_TO_DATE('06-03-2015', '%d-%m-%Y')),
(270,61,2,STR_TO_DATE('18-06-2016', '%d-%m-%Y')),
(271,47,13,STR_TO_DATE('18-09-2017', '%d-%m-%Y')),
(272,30,22,STR_TO_DATE('19-02-2016', '%d-%m-%Y')),
(273,18,22,STR_TO_DATE('31-12-2016', '%d-%m-%Y')),
(274,34,29,STR_TO_DATE('27-10-2017', '%d-%m-%Y')),
(275,32,21,STR_TO_DATE('03-06-2015', '%d-%m-%Y')),
(276,9,28,STR_TO_DATE('30-03-2016', '%d-%m-%Y')),
(277,62,24,STR_TO_DATE('23-03-2015', '%d-%m-%Y')),
(278,44,22,STR_TO_DATE('29-04-2017', '%d-%m-%Y')),
(279,27,5,STR_TO_DATE('25-03-2015', '%d-%m-%Y')),
(280,61,28,STR_TO_DATE('14-07-2017', '%d-%m-%Y')),
(281,5,13,STR_TO_DATE('04-12-2016', '%d-%m-%Y')),
(282,43,19,STR_TO_DATE('15-03-2018', '%d-%m-%Y')),
(283,34,19,STR_TO_DATE('05-06-2016', '%d-%m-%Y')),
(284,35,5,STR_TO_DATE('19-02-2018', '%d-%m-%Y')),
(285,13,12,STR_TO_DATE('23-09-2016', '%d-%m-%Y')),
(286,74,18,STR_TO_DATE('26-12-2016', '%d-%m-%Y')),
(287,70,31,STR_TO_DATE('15-08-2017', '%d-%m-%Y')),
(288,42,17,STR_TO_DATE('15-06-2016', '%d-%m-%Y')),
(289,51,24,STR_TO_DATE('30-07-2018', '%d-%m-%Y')),
(290,45,30,STR_TO_DATE('15-01-2015', '%d-%m-%Y')),
(291,70,17,STR_TO_DATE('07-10-2017', '%d-%m-%Y')),
(292,77,7,STR_TO_DATE('06-01-2017', '%d-%m-%Y')),
(293,74,25,STR_TO_DATE('25-09-2015', '%d-%m-%Y')),
(294,47,14,STR_TO_DATE('01-02-2018', '%d-%m-%Y')),
(295,10,2,STR_TO_DATE('18-04-2017', '%d-%m-%Y')),
(296,16,21,STR_TO_DATE('03-10-2016', '%d-%m-%Y')),
(297,48,5,STR_TO_DATE('17-09-2016', '%d-%m-%Y')),
(298,72,3,STR_TO_DATE('10-02-2017', '%d-%m-%Y')),
(299,26,23,STR_TO_DATE('01-03-2016', '%d-%m-%Y')),
(300,49,23,STR_TO_DATE('25-10-2016', '%d-%m-%Y'));